{"cameraMode":{"drawMode":0,"name":"Shaded","section":"Shading Mode"},"sceneLighting":true,"audioPlay":false,"sceneViewState":{"showFog":true,"showMaterialUpdate":false,"showSkybox":true,"showFlares":true,"showImageEffects":true,"showParticleSystems":true},"in2DMode":false,"pivot":{"x":0.1450006067752838,"y":0.58188396692276,"z":-1.3878806829452515},"rotation":{"x":-0.40099847316741946,"y":-0.028013011440634729,"z":0.01227004174143076,"w":-0.9155720472335815},"size":3.7438724040985109,"orthographic":false}